{"epoch": 12, "loss": 156.35523736476898, "Target": {"_type": "images/separated", "width": 256, "height": 256, "format": "png", "count": 10, "filenames": ["media/images/Target_11_e81cca5492addf37e5d1.png", "media/images/Target_11_872855c0f021889f019d.png", "media/images/Target_11_3b44b019ed5fc24b7ca0.png", "media/images/Target_11_5046df46aab1a4c07dcb.png", "media/images/Target_11_4627983ca4c3fcf72244.png", "media/images/Target_11_5bc14a27c2fb3e2e397b.png", "media/images/Target_11_b586c8916fc4ae275741.png", "media/images/Target_11_04ce9dbb08143ad4c152.png", "media/images/Target_11_b6eefa9e812795ce0832.png", "media/images/Target_11_e859658c8a5e351d27ce.png"]}, "Prediction": {"_type": "images/separated", "width": 256, "height": 256, "format": "png", "count": 10, "filenames": ["media/images/Prediction_11_e81cca5492addf37e5d1.png", "media/images/Prediction_11_872855c0f021889f019d.png", "media/images/Prediction_11_3b44b019ed5fc24b7ca0.png", "media/images/Prediction_11_5046df46aab1a4c07dcb.png", "media/images/Prediction_11_4627983ca4c3fcf72244.png", "media/images/Prediction_11_4b965dce443f33a1b502.png", "media/images/Prediction_11_b586c8916fc4ae275741.png", "media/images/Prediction_11_19274901546c353f5abc.png", "media/images/Prediction_11_b6eefa9e812795ce0832.png", "media/images/Prediction_11_e859658c8a5e351d27ce.png"]}, "_timestamp": 1738881949.033314, "_runtime": 150.83249497413635, "_step": 11, "_wandb": {"runtime": 155}}